{
    "dogetest": {
        "pos": 92.50000000000006,
        "fast_ma0": 0.220532,
        "fast_ma1": 0.22038000000000002,
        "slow_ma0": 0.22048399999999999,
        "slow_ma1": 0.220444
    }
}